cardnumber,cardname,ability_type,trigger,status,rule_id,cost_template,effect_template
LL-bp4-001,絢瀬絵里＆朝香果林＆葉月恋,自動,登場/ライブ開始時,implemented_named_member_pick_opponent_wait_cost_blade,look_top_named_members_optional_then_opponent_wait_cost_blade,,自分のデッキの上からカードを5枚見る。その中から「絢瀬絵里」か「朝香果林」か「葉月恋」のメンバーカードを1枚公開して手札に加えてもよい。残りを控え室に置く。その後、相手のステージにいる、これにより公開したカードのコスト以下で、かつ元々持つ<(ブレード)>の数が3つ以下のメンバーをすべてウェイトにする。
LL-bp6-001,南ことり＆黒澤ダイヤ＆徒町小鈴,自動,登場,implemented_existing_topk_or_deck,look_top_k_choose_n_rest_waiting,,自分のデッキの上からカードを6枚見る。その中からカードを2枚手札に加え、残りを控え室に置く。
PL!-bp3-007,東條希,自動,ライブ開始時,implemented_existing_topk_or_deck,look_top3_choose_one_hand_one_top_rest_green,手札を2枚控え室に置いてもよい,自分のデッキの上からカードを3枚見る。その中から1枚を手札に加え、1枚をデッキの上に置き、1枚を控え室に置く。
PL!-bp3-010,高坂穂乃果,自動,登場,implemented_existing_topk_or_deck,look_top_k_optional_type,手札を1枚控え室に置いてもよい,自分のデッキの上からカードを5枚見る。その中からライブカードを1枚公開して手札に加えてもよい。残りを控え室に置く。
PL!-bp3-014,星空凛,自動,登場,implemented_existing_topk_or_deck,enter_ginko_bp2016_reorder_top2,このメンバーをウェイトにしてもよい,自分のデッキの上からカードを2枚見る。その中から好きな枚数を好きな順番でデッキの上に置き、残りを控え室に置く。
PL!-bp3-017,小泉花陽,自動,登場,implemented_existing_topk_or_deck,enter_ginko_bp2016_reorder_top2,このメンバーをウェイトにしてもよい,自分のデッキの上からカードを2枚見る。その中から好きな枚数を好きな順番でデッキの上に置き、残りを控え室に置く。
PL!-bp3-018,矢澤にこ,自動,登場,implemented_existing_topk_or_deck,enter_ginko_bp2016_reorder_top2,このメンバーをウェイトにしてもよい,自分のデッキの上からカードを2枚見る。その中から好きな枚数を好きな順番でデッキの上に置き、残りを控え室に置く。
PL!-bp3-022,ユメノトビラ,自動,ライブ開始時,implemented_stage_count_reveal_live_score,reveal_top_by_all_stage_members_live_score_rest_waiting,,自分のデッキの上から、自分と相手のステージにいるメンバー1人につき、1枚公開する。それらの中にあるライブカード1枚につきこのカードのスコアを+1する。その後、これにより公開したカードを控え室に置く。
PL!-bp4-006,西木野真姫,自動,登場,implemented_existing_topk_or_deck,success_storage_score_sum_wrapper,,自分の成功ライブカード置き場にあるカードのスコア合計が3以上の場合、自分のデッキの上からカードを5枚見る。その中から『μ's』のメンバーカードを1枚公開して手札に加えてもよい。残りを控え室に置く。
PL!-bp5-001,高坂穂乃果,自動,ライブ成功時,implemented_live_total_plus_top_choose,look_top_live_total_plus_n_choose_one_rest_waiting,手札を1枚控え室に置いてもよい,自分のデッキの上から、自分のライブの合計スコアに2を足した数に等しい枚数見る。その中からカードを1枚手札に加える。残りを控え室に置く。
PL!-bp5-002,絢瀬絵里,自動,登場,implemented_existing_topk_or_deck,enter_eri_bp5002_top5_cost9_ge_mus_member_optional,このメンバーをウェイトにし、手札を1枚控え室に置いてもよい,自分のデッキの上からカードを5枚見る。その中からコスト9以上の『μ's』のメンバーカードを1枚公開して手札に加えてもよい。残りを控え室に置く。
PL!-bp5-003,南ことり,起動,BODY,implemented_discarded_group_branch_topk_or_live_retrieve,discarded_group_top4_choose2_else_retrieve_live,<(E)><(E)>手札を1枚控え室に置く,これにより控え室に置いたカードが『μ's』のカードの場合、自分のデッキの上からカードを4枚見る。その中からカードを2枚手札に加える。残りを控え室に置く。『μ's』のカード以外の場合、自分の控え室からライブカードを1枚手札に加える。
PL!-bp5-010,高坂穂乃果,自動,ライブ開始時,implemented_existing_topk_or_deck,mill_top_k_then_retrieve_waiting_group_type,手札を1枚控え室に置いてもよい,自分のデッキの上からカードを3枚控え室に置く。その後、自分の控え室から『A-RISE』のメンバーカードを1枚手札に加える。
PL!-bp5-014,星空凛,自動,登場,implemented_member_heart_any_color,look_top_k_optional_member_heart_any_color,手札を1枚控え室に置いてもよい,自分のデッキの上からカードを4枚見る。その中からハートに<青>か<紫>を持つメンバーカードを1枚公開して手札に加えてもよい。残りを控え室に置く。
PL!-bp5-222,優木あんじゅ,自動,登場,implemented_existing_topk_or_deck,look_top_k_choose_1_rest_waiting_sentence_split,このメンバーをウェイトにし、手札を1枚控え室に置いてもよい,自分のデッキの上からカードを3枚見る。その中から1枚を手札に加える。残りを控え室に置く。
PL!-bp6-002,絢瀬絵里,自動,登場,implemented_existing_topk_or_deck,look_top_k_optional_group_no_ability_or_body,,自分のデッキの上からカードを2枚見る。その中から能力を持たない『μ's』のカードか<常時>能力を持つ『μ's』のカードを1枚公開して手札に加えてもよい。残りを控え室に置く。
PL!-bp6-004,園田海未,自動,登場,implemented_existing_topk_or_deck,look_top_k_optional_group,手札を1枚控え室に置いてもよい,自分のデッキの上からカードを5枚見る。その中から『μ's』のカードを1枚公開して手札に加えてもよい。残りを控え室に置く。
PL!-bp6-006,西木野真姫,起動,BODY,implemented_choose_color_reveal_top5_group_pick_blades,choose_heart_color_reveal_top5_all_match_group_pick_gain_blades,手札を1枚控え室に置く,好きなハートの色を1つ指定する。その後、自分のデッキの上からカードを5枚公開する。公開されたカードの中に指定した色のハートを持つメンバーカードと必要ハートに指定した色を含むライブカードが合計5枚含まれる場合、その中から『μ's』のカードを1枚手札に加え、ライブ終了時まで、<(ブレード)><(ブレード)><(ブレード)>を得る。公開した残りのカードを控え室に置く。
PL!-bp6-007,東條希,自動,ライブ成功時,implemented_live_success_reveal_top_no_bladeheart_score,live_success_reveal_top_no_bladeheart_score,,自分のデッキの一番上のカードを公開し、手札に加える。それがブレードハートを持たないメンバーカードの場合、ライブの合計スコアを+1する。
PL!-bp6-016,東條希,自動,ライブ成功時,implemented_existing_topk_or_deck,look_top_k_reorder_all_on_top,,自分のデッキの上からカードを3枚見る。それらを好きな順番でデッキの上に置く。
PL!-pb1-001,高坂穂乃果,起動,BODY,implemented_reveal_until_choice_live_or_cost_member,reveal_until_live_or_cost_ge_member_to_hand_rest_waiting_choice,このメンバーをウェイトにし、手札を1枚控え室に置く,ライブカードかコスト10以上のメンバーカードのどちらか1つを選ぶ。選んだカードが公開されるまで、自分のデッキの一番上からカードを1枚ずつ公開する。そのカードを手札に加え、これにより公開されたほかのすべてのカードを控え室に置く。
PL!-pb1-006,西木野真姫,自動,登場,implemented_existing_topk_or_deck,topdeck_green_live_group_upto1_then_draw_if_opponent_wait_exists,,自分の控え室から『μ's』のライブカードを1枚までデッキの一番上に置く。その後、相手のステージにウェイト状態のメンバーがいる場合、カードを1枚引く。
PL!-pb1-016,東條希,自動,登場,implemented_existing_topk_or_deck,optional_discard_one_from_hand_then_effect_direct,,手札を1枚控え室に置いてもよい。自分のデッキの上からカードを4枚見る。その中から『lily white』のカードを1枚公開して手札に加えてもよい。残りを控え室に置く。
PL!-sd1-004,園田海未,自動,登場,implemented_existing_topk_or_deck,enter_umi_sd1004_top5_mus_live_optional,,自分のデッキの上からカードを5枚見る。その中から『μ's』のライブカードを1枚公開して手札に加えてもよい。残りを控え室に置く。
PL!-sd1-007,東條希,自動,登場,implemented_existing_topk_or_deck,mill_top_k_draw_if_contains_live,,自分のデッキの上からカードを5枚控え室に置く。それらの中にライブカードがある場合、カードを1枚引く。
PL!-sd1-008,小泉花陽,起動,BODY,implemented_existing_topk_or_deck,body_mill10,<(E)><(E)>,自分のデッキの上からカードを10枚控え室に置く。
PL!-sd1-011,絢瀬絵里,自動,登場,implemented_existing_topk_or_deck,look_top3_choose_one_to_hand_rest_green,手札を1枚控え室に置いてもよい,自分のデッキの上からカードを3枚見る。その中から1枚を手札に加え、残りを控え室に置く。
PL!-sd1-012,南ことり,自動,登場,implemented_existing_topk_or_deck,look_top3_choose_one_to_hand_rest_green,手札を1枚控え室に置いてもよい,自分のデッキの上からカードを3枚見る。その中から1枚を手札に加え、残りを控え室に置く。
PL!-sd1-015,西木野真姫,自動,登場,implemented_existing_topk_or_deck,enter_kaho_bp2010_top5_member_optional,手札を1枚控え室に置いてもよい,自分のデッキの上からカードを5枚見る。その中からメンバーカードを1枚公開して手札に加えてもよい。残りを控え室に置く。
PL!-sd1-016,東條希,自動,登場,implemented_existing_topk_or_deck,look_top3_choose_one_to_hand_rest_green,手札を1枚控え室に置いてもよい,自分のデッキの上からカードを3枚見る。その中から1枚を手札に加え、残りを控え室に置く。
PL!-sd1-019,START：DASH!!,自動,ライブ成功時,implemented_existing_topk_or_deck,look_top_k_reorder_keep_any_rest_waiting,,自分のデッキの上からカードを3枚見る。その中から好きな枚数を好きな順場でデッキの上に置き、残りを控え室に置く。
PL!HS-PR-001,日野下花帆,自動,登場,implemented_existing_topk_or_deck,look_top3_choose_one_to_hand_rest_green,手札を1枚控え室に置いてもよい,自分のデッキの上からカードを3枚見る。その中から1枚を手札に加え、残りを控え室に置く。
PL!HS-PR-002,村野さやか,自動,登場,implemented_existing_topk_or_deck,look_top3_choose_one_to_hand_rest_green,手札を1枚控え室に置いてもよい,自分のデッキの上からカードを3枚見る。その中から1枚を手札に加え、残りを控え室に置く。
PL!HS-PR-005,大沢瑠璃乃,自動,登場,implemented_existing_topk_or_deck,look_top3_choose_one_to_hand_rest_green,手札を1枚控え室に置いてもよい,自分のデッキの上からカードを3枚見る。その中から1枚を手札に加え、残りを控え室に置く。
PL!HS-PR-019,百生吟子,自動,登場,implemented_existing_topk_or_deck,mill_top_k_gain_icons_if_all_member_heart_color,,自分のデッキの上からカードを3枚控え室に置く。それらがすべて<緑>を持つメンバーカードの場合、ライブ終了時まで、<緑>を得る。
PL!HS-PR-020,徒町小鈴,自動,ライブ開始時,implemented_existing_topk_or_deck,topdeck_green_member_n,<(E)>支払ってもよい,自分の控え室にあるメンバーカード2枚を好きな順番でデッキの一番上に置く。
PL!HS-PR-021,安養寺姫芽,自動,登場,implemented_existing_topk_or_deck,mill_top_k_gain_icons_if_all_member_heart_color,,自分のデッキの上からカードを3枚控え室に置く。それらがすべて<桃>を持つメンバーカードの場合、ライブ終了時まで、<桃>を得る。
PL!HS-PR-023,桂城泉,自動,ライブ開始時,implemented_existing_topk_or_deck,topdeck_green_member_n,<(E)>支払ってもよい,自分の控え室にあるメンバーカード2枚を好きな順番でデッキの一番上に置く。
PL!HS-bp1-008,徒町小鈴,自動,登場,implemented_existing_topk_or_deck,mill_top_k_draw_if_all_members,,自分のデッキの上からカードを3枚控え室に置く。それらがすべてメンバーカードの場合、カードを1枚引く。
PL!HS-bp1-009,安養寺姫芽,自動,登場,implemented_existing_topk_or_deck,look_top_k_optional_group,手札を1枚控え室に置いてもよい,自分のデッキの上からカードを5枚見る。その中から『みらくらぱーく！』のカードを1枚公開して手札に加えてもよい。残りを控え室に置く。
PL!HS-bp1-011,村野さやか,自動,登場,implemented_existing_topk_or_deck,look_top_k_optional_type,手札を1枚控え室に置いてもよい,自分のデッキの上からカードを5枚見る。その中からライブカードを1枚公開して手札に加えてもよい。残りを控え室に置く。
PL!HS-bp2-003,乙宗梢,自動,ライブ開始時,implemented_existing_topk_or_deck,live_start_kozue_bp2003_reorder_top3,手札を1枚控え室に置いてもよい,自分のデッキの上からカードを3枚見る。その中から好きな枚数を好きな順番でデッキの上に置き、残りを控え室に置く。
PL!HS-bp2-010,日野下花帆,自動,登場,implemented_existing_topk_or_deck,enter_kaho_bp2010_top5_member_optional,手札を1枚控え室に置いてもよい,自分のデッキの上からカードを5枚見る。その中からメンバーカードを1枚公開して手札に加えてもよい。残りを控え室に置く。
PL!HS-bp2-011,村野さやか,自動,登場,implemented_existing_topk_or_deck,enter_sayaka_bp2011_mill5,,デッキの上からカードを5枚控え室に置く。
PL!HS-bp2-012,乙宗梢,自動,BODY,implemented_existing_topk_or_deck,body_kozue_bp2012_stage_to_green_top5_member_optional,,このメンバーがステージから控え室に置かれたとき、自分のデッキの上からカードを5枚見る。その中からメンバーカードを1枚公開して手札に加えてもよい。残りを控え室に置く。
PL!HS-bp2-013,夕霧綴理,自動,BODY,implemented_existing_topk_or_deck,body_tsuzuri_bp2013_stage_to_green_top5_live_optional,,このメンバーがステージから控え室に置かれたとき、自分のデッキの上からカードを5枚見る。その中からライブカードを1枚公開して手札に加えてもよい。残りを控え室に置く。
PL!HS-bp2-016,百生吟子,自動,登場,implemented_existing_topk_or_deck,enter_ginko_bp2016_reorder_top2,,自分のデッキの上からカードを2枚見る。その中から好きな枚数を好きな順番でデッキの上に置き、残りを控え室に置く。
PL!HS-bp5-001,日野下花帆,自動,登場,implemented_existing_topk_or_deck,mill_top_k_gain_icons_if_contains_live,,自分のデッキの上からカードを4枚控え室に置く。それらの中にライブカードがある場合、ライブ終了時まで、<(ブレード)>を<(ブレード)>を得る。
PL!HS-bp5-008,桂城泉,自動,登場,implemented_existing_topk_or_deck,look_top_k_optional_cost_ge_group_member,このメンバーをウェイトにし、手札を1枚控え室に置いてもよい,自分のデッキの上からカードを5枚見る。その中からコスト9以上の『蓮ノ空』のメンバーカードを1枚公開して手札に加えてもよい。残りを控え室に置く。
PL!HS-bp5-013,徒町小鈴,自動,ライブ開始時,implemented_existing_topk_or_deck,mill_top_k_gain_icons_if_all_members,,自分のデッキの上からカードを3枚控え室に置く。それらがすべてメンバーカードの場合、ライブ終了時まで、<(ブレード)><(ブレード)>を得る。
PL!HS-bp6-001,日野下花帆,自動,登場,implemented_stage_count_top_keep_one,look_top_stage_member_count_plus_keep_one_top_rest_waiting,,自分のデッキの上から、自分のステージにいるメンバーの数に2を足した数に等しい枚数見る。その中から1枚をデッキの一番上に置き、残りを控え室に置く。
PL!HS-bp6-001,日野下花帆,自動,ライブ成功時,implemented_existing_topk_or_deck,put_yell_revealed_any_to_deck_top_optional,,エールで公開された自分のカードの中から、カードを1枚デッキの一番上に置いてもよい。
PL!HS-bp6-009,日野下花帆,自動,ライブ開始時,implemented_existing_topk_or_deck,mill_top_k_gain_icons_if_all_group_cards,,自分のデッキの上からカードを4枚控え室に置く。それらがすべて『蓮ノ空』のカードの場合、ライブ終了時まで、<(ブレード)>を得る。
PL!HS-bp6-022,安養寺姫芽,自動,登場,implemented_existing_topk_or_deck,look_top_k_optional_type,手札を1枚控え室に置いてもよい,自分のデッキの上からカードを5枚見る。その中からライブカードを1枚公開して手札に加えてもよい。残りを控え室に置く。
PL!HS-bp6-028,ブルウモーメント,自動,ライブ成功時,implemented_live_success_excess_top_reorder,live_success_excess_total_top_reorder_keep_any,,このターン、自分が余剰ハートを1つ以上持っている場合、自分のデッキの上からカードを2枚見る。その中から好きな枚数を好きな順番でデッキの上に置き、残りを控え室に置く。
PL!HS-cl1-001,日野下花帆,自動,ライブ開始時,implemented_existing_topk_or_deck,look_top1_optional_mill,,自分のデッキの上からカードを1枚見る。そのカードを控え室に置いてもよい。
PL!HS-cl1-004,百生吟子,自動,登場,implemented_existing_topk_or_deck,mill_top_k_to_waiting,,自分のデッキの上からカードを3枚控え室に置く。
PL!HS-cl1-007,セラス 柳田 リリエンフェルト,自動,登場,implemented_existing_topk_or_deck,look_top_k_choose_1_rest_waiting_sentence_split,手札を1枚控え室に置いてもよい,自分のデッキの上からカードを3枚見る。その中から1枚を手札に加える。残りを控え室に置く。
PL!HS-pb1-004,百生吟子,自動,登場,implemented_existing_topk_or_deck,mill_top_k_then_retrieve_waiting_group_type,<(E)>手札を1枚控え室に置いてもよい,自分のデッキの上からカードを3枚控え室に置く。その後、自分の控え室から『スリーズブーケ』のライブカードを1枚手札に加える。
PL!HS-pb1-005,徒町小鈴,自動,ライブ開始時,implemented_choose_number_top_cost_compare,choose_number_reveal_top_member_cost_compare_hand_or_blade,,数1つを選ぶ。自分のデッキの一番上のカードを公開する。公開したカードがメンバーカードで、かつコストが選んだ数以上の場合、公開したカードを手札に加える。選んだ数以下の場合、ライブ終了時まで、<(ブレード)><(ブレード)>を得る。
PL!HS-pb1-011,大沢瑠璃乃,自動,登場,implemented_existing_topk_or_deck,look_top3_choose_one_to_hand_rest_green,手札を1枚控え室に置いてもよい,自分のデッキの上からカードを3枚見る。その中から1枚を手札に加え、残りを控え室に置く。
PL!HS-pb1-013,徒町小鈴,自動,ライブ開始時,implemented_existing_topk_or_deck,enter_ginko_bp2016_reorder_top2,,自分のデッキの上からカードを2枚見る。その中から好きな枚数を好きな順番でデッキの上に置き、残りを控え室に置く。
PL!HS-pb1-018,村野さやか,自動,登場,implemented_existing_topk_or_deck,look_top_k_optional_group,手札を1枚控え室に置いてもよい,自分のデッキの上からカードを5枚見る。その中から『DOLLCHESTRA』のカードを1枚公開して手札に加えてもよい。残りを控え室に置く。
PL!HS-pb1-024,桂城泉,自動,登場,implemented_existing_topk_or_deck,enter_ginko_bp2016_reorder_top2,,自分のデッキの上からカードを2枚見る。その中から好きな枚数を好きな順番でデッキの上に置き、残りを控え室に置く。
PL!HS-pb1-027,ユメワズライ,自動,ライブ成功時,implemented_existing_topk_or_deck,stage_group_optional_mill_top_k,,自分のステージに『スリーズブーケ』のメンバーがいる場合、自分のデッキの上からカードを4枚控え室に置いてもよい。
PL!HS-sd1-002,村野さやか,自動,ライブ開始時,implemented_top_member_pick_group_gain_icons,look_top_k_optional_member_gain_icons_if_group_picked,手札を2枚控え室に置いてもよい,自分のデッキの上からカードを5枚見る。その中からメンバーカードを1枚公開して手札に加えてもよい。残りを控え室に置く。これにより『蓮ノ空』のカードを手札に加えた場合、ライブ終了時まで、<青><(ブレード)>を得る。
PL!HS-sd1-013,徒町小鈴,自動,登場,implemented_existing_topk_or_deck,mill_top_k_gain_icons_if_all_member_heart_color,,自分のデッキの上からカードを3枚控え室に置く。それらがすべて<青>を持つメンバーカードの場合、ライブ終了時まで、<青>を得る。
PL!N-PR-003,上原歩夢,起動,BODY,implemented_body_reveal_all_hand_no_live_top5_live,body_reveal_all_hand_no_live_top5_live,手札をすべて公開する,自分のステージにほかのメンバーがおり、かつこれにより公開した手札の中にライブカードがない場合、自分のデッキの上からカードを5枚見る。その中からライブカードを1枚公開して手札に加えてもよい。残りを控え室に置く。
PL!N-PR-004,中須かすみ,自動,登場,implemented_existing_topk_or_deck,look_top3_choose_one_to_hand_rest_green,手札を1枚控え室に置いてもよい,自分のデッキの上からカードを3枚見る。その中から1枚を手札に加え、残りを控え室に置く。
PL!N-PR-006,朝香果林,自動,登場,implemented_existing_topk_or_deck,look_top3_choose_one_to_hand_rest_green,手札を1枚控え室に置いてもよい,自分のデッキの上からカードを3枚見る。その中から1枚を手札に加え、残りを控え室に置く。
PL!N-PR-008,近江彼方,起動,BODY,implemented_body_reveal_all_hand_no_live_top5_live,body_reveal_all_hand_no_live_top5_live,手札をすべて公開する,自分のステージにほかのメンバーがおり、かつこれにより公開した手札の中にライブカードがない場合、自分のデッキの上からカードを5枚見る。その中からライブカードを1枚公開して手札に加えてもよい。残りを控え室に置く。
PL!N-PR-010,エマ・ヴェルデ,起動,BODY,implemented_body_reveal_all_hand_no_live_top5_live,body_reveal_all_hand_no_live_top5_live,手札をすべて公開する,自分のステージにほかのメンバーがおり、かつこれにより公開した手札の中にライブカードがない場合、自分のデッキの上からカードを5枚見る。その中からライブカードを1枚公開して手札に加えてもよい。残りを控え室に置く。
PL!N-PR-013,ミア・テイラー,自動,登場,implemented_existing_topk_or_deck,look_top3_choose_one_to_hand_rest_green,手札を1枚控え室に置いてもよい,自分のデッキの上からカードを3枚見る。その中から1枚を手札に加え、残りを控え室に置く。
PL!N-bp1-002,中須かすみ,自動,登場,implemented_existing_topk_or_deck,live_start_kozue_bp2003_reorder_top3,,自分のデッキの上からカードを3枚見る。その中から好きな枚数を好きな順番でデッキの上に置き、残りを控え室に置く。
PL!N-bp1-007,優木せつ菜,自動,登場,implemented_existing_topk_or_deck,look_top3_choose_one_to_hand_rest_green,手札を1枚控え室に置いてもよい,自分のデッキの上からカードを3枚見る。その中から1枚を手札に加え、残りを控え室に置く。
PL!N-bp1-009,天王寺璃奈,自動,登場,implemented_existing_topk_or_deck,mill_top_k_then_retrieve_waiting_type,手札を1枚控え室に置いてもよい,自分のデッキの上からカードを2枚控え室に置く。その後、自分の控え室からメンバーカードを1枚手札に加える。
PL!N-bp1-010,三船栞子,自動,登場,implemented_existing_topk_or_deck,look_top3_choose_one_to_hand_rest_green,手札を1枚控え室に置いてもよい,自分のデッキの上からカードを3枚見る。その中から1枚を手札に加え、残りを控え室に置く。
PL!N-bp1-011,ミア・テイラー,自動,登場,implemented_existing_topk_or_deck,reveal_until_live_to_hand_rest_waiting,手札を1枚控え室に置いてもよい,ライブカードが公開されるまで、自分のデッキの一番上のカードを公開し続ける。そのライブカードを手札に加え、これにより公開されたほかのすべてのカードを控え室に置く。
PL!N-bp3-012,鐘嵐珠,自動,登場,implemented_existing_topk_or_deck,look_top_k_optional_group,手札を1枚控え室に置いてもよい,自分のデッキの上からカードを4枚見る。その中から『虹ヶ咲』のカードを1枚公開して手札に加えてもよい。残りを控え室に置く。
PL!N-bp3-022,三船栞子,自動,登場,implemented_existing_topk_or_deck,enter_ginko_bp2016_reorder_top2,このメンバーをウェイトにしてもよい,自分のデッキの上からカードを2枚見る。その中から好きな枚数を好きな順番でデッキの上に置き、残りを控え室に置く。
PL!N-bp3-028,ツナガルコネクト,自動,ライブ開始時,implemented_stage_group_count_top_keep_reveal_score,look_top_stage_group_count_keep_one_top_rest_waiting_reveal_score_if_live,,自分のステージにいる『虹ヶ咲』のメンバー1人につき、自分のデッキの上からカードを1枚見る。その中から1枚をデッキの上に置き、残りを控え室に置く。自分のデッキの一番上のカードを1枚公開する。これによりライブカードを公開したとき、このカードのスコアを+1する。
PL!N-bp4-002,中須かすみ,自動,ライブ開始時,implemented_existing_topk_or_deck,choose_self_or_opponent_top1_mill_optional,,自分か相手を選ぶ。自分は、そのプレイヤーのデッキの一番上のカードを見る。自分はそのカードを控え室に置いてもよい。
PL!N-bp4-009,天王寺璃奈,自動,ライブ開始時,implemented_existing_topk_or_deck,live_start_my_cost_lower_draw2_hand_top1,,自分のステージにいるメンバーのコストの合計が相手より低い場合、カードを2枚引き、自分の手札を1枚デッキの一番上に置く。
PL!N-bp4-011,ミア・テイラー,自動,ライブ成功時,implemented_existing_topk_or_deck,mill_top_k_then_retrieve_if_distinct_group_live_names_at_least,,自分のデッキの上からカードを5枚控え室に置く。その後、自分の控え室にあるカード名の異なる『虹ヶ咲』のライブカードが3枚以上ある場合、自分の控え室から『虹ヶ咲』のライブカードを1枚手札に加える。
PL!N-bp4-016,朝香果林,自動,登場,implemented_existing_topk_or_deck,enter_ginko_bp2016_reorder_top2,このメンバーをウェイトにしてもよい,自分のデッキの上からカードを2枚見る。その中から好きな枚数を好きな順番でデッキの上に置き、残りを控え室に置く。
PL!N-bp4-021,天王寺璃奈,自動,登場,implemented_existing_topk_or_deck,topdeck_green_any_upto1_waiting_card,,自分の控え室にあるカード1枚をデッキの一番上に置いてもよい。
PL!N-bp5-009,天王寺璃奈,自動,登場,implemented_existing_topk_or_deck,look_top_k_optional_cost_ge_group_member,このメンバーをウェイトにし、手札を1枚控え室に置いてもよい,自分のデッキの上からカードを5枚見る。その中からコスト9以上の『虹ヶ咲』のメンバーカードを1枚公開して手札に加えてもよい。残りを控え室に置く。
PL!N-bp5-021,天王寺璃奈,自動,登場,implemented_mill_top_then_live_deck_nth,mill_top_k_then_waiting_live_to_deck_nth_optional,,自分のデッキの上からカードを2枚控え室に置く。その後、自分の控え室からライブカード1枚を自分のデッキの一番上から4枚目に置いてもよい。
PL!N-bp5-029,無敵級＊ビリーバー,自動,ライブ開始時,implemented_stage_named_reveal_pick_gain_picked_hearts,stage_named_exists_reveal_topk_named_pick_gain_picked_hearts,,自分のステージに「中須かすみ」がいる場合、自分のデッキの上からカードを4枚公開する。自分はそれらの中から「中須かすみ」のカードを1枚選ぶ。ライブ終了時まで、自分のステージにいる「中須かすみ」1人は、これにより選んだカードが持つ色のハートを1つずつ得る。公開したカードをすべて控え室に置く。
PL!N-pb1-004,朝香果林,自動,ライブ開始時,implemented_reveal_top_cost_member_position_change,reveal_top1_cost_le_member_hand_then_self_position_change,,自分のデッキの一番上のカードを公開する。公開したカードがコスト9以下のメンバーカードの場合、公開したカードを手札に加え、このメンバーはポジションチェンジする。それ以外の場合、公開したカードを控え室に置く。
PL!N-pb1-016,朝香果林,自動,登場,implemented_existing_topk_or_deck,enter_karin_pb1016_top2_named_member_optional,,自分のデッキの上からカードを2枚見る。その中から『朝香果林』のメンバーカードを1枚公開して手札に加えてもよい。残りを控え室に置く。
PL!N-pb1-018,近江彼方,自動,登場,implemented_existing_topk_or_deck,look_top_k_optional_group_type,,自分のデッキの上からカードを2枚見る。その中から『近江彼方』のメンバーカードを1枚公開して手札に加えてもよい。残りを控え室に置く。
PL!N-pb1-021,天王寺璃奈,自動,登場,implemented_existing_topk_or_deck,look_top_k_optional_group_type,,自分のデッキの上からカードを2枚見る。その中から『天王寺璃奈』のメンバーカードを1枚公開して手札に加えてもよい。残りを控え室に置く。
PL!N-pb1-024,鐘嵐珠,自動,登場,implemented_existing_topk_or_deck,look_top_k_optional_group_type,,自分のデッキの上からカードを2枚見る。その中から『鐘嵐珠』のメンバーカードを1枚公開して手札に加えてもよい。残りを控え室に置く。
PL!N-pb1-028,朝香果林,自動,登場,implemented_existing_topk_or_deck,look_top2_choose_one_to_hand_rest_green,手札を1枚控え室に置いてもよい,自分のデッキの上からカードを2枚見る。その中から1枚を手札に加え、残りを控え室に置く。
PL!N-pb1-035,ミア・テイラー,自動,登場,implemented_existing_topk_or_deck,look_top2_choose_one_to_hand_rest_green,手札を1枚控え室に置いてもよい,自分のデッキの上からカードを2枚見る。その中から1枚を手札に加え、残りを控え室に置く。
PL!N-sd1-001,上原歩夢,自動,登場,implemented_existing_topk_or_deck,look_top_k_optional_group_type,,自分のデッキの上からカードを5枚見る。その中から『虹ヶ咲』のライブカードを1枚まで公開して手札に加えてもよい。残りを控え室に置く。
PL!N-sd1-002,中須かすみ,自動,登場,implemented_existing_topk_or_deck,look_top3_choose_one_to_hand_rest_green,手札を1枚控え室に置いてもよい,自分のデッキの上からカードを3枚見る。その中から1枚を手札に加え、残りを控え室に置く。
PL!N-sd1-003,桜坂しずく,自動,登場,implemented_existing_topk_or_deck,look_top3_choose_one_to_hand_rest_green,手札を1枚控え室に置いてもよい,自分のデッキの上からカードを3枚見る。その中から1枚を手札に加え、残りを控え室に置く。
PL!S-PR-013,高海千歌,自動,登場,implemented_existing_topk_or_deck,look_top3_choose_one_to_hand_rest_green,手札を1枚控え室に置いてもよい,自分のデッキの上からカードを3枚見る。その中から1枚を手札に加え、残りを控え室に置く。
PL!S-PR-019,国木田花丸,自動,登場,implemented_existing_topk_or_deck,look_top3_choose_one_to_hand_rest_green,手札を1枚控え室に置いてもよい,自分のデッキの上からカードを3枚見る。その中から1枚を手札に加え、残りを控え室に置く。
PL!S-PR-028,黒澤ダイヤ,自動,登場,implemented_existing_topk_or_deck,live_start_kozue_bp2003_reorder_top3,,自分のデッキの上からカードを3枚見る。その中から好きな枚数を好きな順番でデッキの上に置き、残りを控え室に置く。
PL!S-PR-032,小原鞠莉,自動,登場,implemented_existing_topk_or_deck,live_start_kozue_bp2003_reorder_top3,,自分のデッキの上からカードを3枚見る。その中から好きな枚数を好きな順番でデッキの上に置き、残りを控え室に置く。
PL!S-PR-033,黒澤ルビィ,自動,登場,implemented_existing_topk_or_deck,live_start_kozue_bp2003_reorder_top3,,自分のデッキの上からカードを3枚見る。その中から好きな枚数を好きな順番でデッキの上に置き、残りを控え室に置く。
PL!S-bp2-005,渡辺曜,自動,登場,implemented_existing_topk_or_deck,look_top_k_optional_member_heart_any_color_upto_n,手札を1枚控え室に置いてもよい,自分のデッキの上からカードを7枚見る。その中から<赤>か<緑>か<青>を持つメンバーカードを3枚まで公開して手札に加えてもよい。残りを控え室に置く。
PL!S-bp2-007,国木田花丸,自動,ライブ開始時,implemented_existing_topk_or_deck,enter_ginko_bp2016_reorder_top2,手札のライブカードを1枚公開し、デッキの一番下に置いてもよい,自分のデッキの上からカードを2枚見る。その中から好きな枚数を好きな順番でデッキの上に置き、残りを控え室に置く。
PL!S-bp3-004,黒澤ダイヤ,自動,登場,implemented_existing_topk_or_deck,look_top_k_optional_type,手札を1枚控え室に置いてもよい,自分のデッキの上からカードを4枚見る。その中からメンバーカードを1枚公開して手札に加えてもよい。残りを控え室に置く。
PL!S-bp3-009,黒澤ルビィ,自動,登場,implemented_existing_topk_or_deck,look_top_k_optional_group_type,手札を1枚控え室に置いてもよい,自分のデッキの上からカードを6枚見る。その中から『Aqours』のメンバーカードを1枚公開して手札に加えてもよい。残りを控え室に置く。
PL!S-bp5-006,津島善子,自動,登場,implemented_existing_topk_or_deck,look_top_k_optional_cost_ge_group_member,このメンバーをウェイトにし、手札を1枚控え室に置いてもよい,自分のデッキの上からカードを5枚見る。その中からコスト9以上の『Aqours』のメンバーカードを1枚公開して手札に加えてもよい。残りを控え室に置く。
PL!S-bp5-007,国木田花丸,自動,ライブ成功時,implemented_member_heart_color_min,look_top_k_optional_member_heart_color_min,,自分のデッキの上からカードを4枚見る。その中からハートに<緑>を2つ以上持つメンバーカードを1枚公開して手札に加えてもよい。残りを控え室に置く。
PL!S-bp5-015,津島善子,自動,登場,implemented_existing_topk_or_deck,body_mill10,,自分のデッキの上からカードを10枚控え室に置く。
PL!S-bp6-002,桜内梨子,自動,BODY,implemented_live_storage_cleanup_top_or_bottom,live_storage_cleanup_top_or_bottom,,『Aqours』のライブカードが自分のライブカード置き場から控え室に置かれたとき、そのライブカードをデッキの一番上か一番下に置いてもよい。
PL!S-bp6-004,黒澤ダイヤ,自動,ライブ開始時,implemented_live_storage_no_live_start_topdeck_gain_icons,live_storage_count_choose_group_live_no_live_start_topdeck_gain_icons,,自分のライブカード置き場にカードが2枚以上ある場合、その中から<ライブ開始時>能力を持たない『Aqours』のライブカードを1枚選び、デッキの一番上に置いてもよい。そうした場合、ライブ終了時まで、<赤>と<緑>を得る。
PL!S-bp6-005,渡辺曜,自動,登場,implemented_existing_topk_or_deck,look_top_k_optional_member_heart_all_colors,,自分のデッキの上からカードを2枚見る。その中から<赤>と<緑>と<青>をすべて持つメンバーカードを1枚公開して手札に加えてもよい。残りを控え室に置く。
PL!S-bp6-012,松浦果南,自動,登場,implemented_existing_topk_or_deck,mill_top_k_to_waiting,,自分のデッキの上からカードを5枚控え室に置く。
PL!S-bp6-017,小原鞠莉,自動,登場,implemented_existing_topk_or_deck,mill_top_k_to_waiting,,自分のデッキの上からカードを5枚控え室に置く。
PL!S-bp6-018,黒澤ルビィ,自動,登場,implemented_existing_topk_or_deck,enter_ginko_bp2016_reorder_top2,このメンバーをウェイトにしてもよい,自分のデッキの上からカードを2枚見る。その中から好きな枚数を好きな順番でデッキの上に置き、残りを控え室に置く。
PL!S-bp6-019,Step! ZERO to ONE,自動,ライブ開始時,implemented_existing_topk_or_deck,score_draw_then_hand_top_or_bottom_if_all_stage_group,,自分のステージにいるメンバーがすべて『Aqours』の場合、このカードのスコアを+1し、カードを1枚引き、手札からカードを1枚デッキの一番上か一番下に置く。
PL!S-pb1-008,小原鞠莉,自動,ライブ開始時,implemented_existing_topk_or_deck,choose_self_or_opponent_topk_reorder_keep_any,,自分か相手を選ぶ。自分は、そのプレイヤーのデッキの上からカードを2枚見る。その中から好きな枚数を好きな順番でデッキの上に置き、残りを控え室に置く。
PL!S-pb1-013,黒澤ダイヤ,自動,登場,implemented_member_or_live_heart_filter,look_top_k_optional_member_heart_or_live_required,手札を1枚控え室に置いてもよい,自分のデッキの上からカードを4枚見る。その中からハートに<緑>を2個以上持つメンバーカードか、必要ハートに<緑>を2以上含むライブカードを1枚公開して手札に加えてもよい。残りを控え室に置く。
PL!S-pb1-014,渡辺曜,自動,登場,implemented_member_or_live_heart_filter,look_top_k_optional_member_heart_or_live_required,手札を1枚控え室に置いてもよい,自分のデッキの上からカードを4枚見る。その中からハートに<赤>を2個以上持つメンバーカードか、必要ハートに<赤>を2以上含むライブカードを1枚公開して手札に加えてもよい。残りを控え室に置く。
PL!S-pb1-015,津島善子,自動,登場,implemented_member_or_live_heart_filter,look_top_k_optional_member_heart_or_live_required,手札を1枚控え室に置いてもよい,自分のデッキの上からカードを4枚見る。その中からハートに<青>を2個以上持つメンバーカードか、必要ハートに<青>を2以上含むライブカードを1枚公開して手札に加えてもよい。残りを控え室に置く。
PL!S-sd1-003,松浦果南,自動,登場,implemented_existing_topk_or_deck,look_top_k_optional_group_type,,自分のデッキの上からカードを5枚見る。その中から『Aqours』のライブカードを1枚公開して手札に加えてもよい。残りを控え室に置く。
PL!S-sd1-009,黒澤ルビィ,自動,ライブ開始時,implemented_live_start_hand_group_top_bottom_blade,live_start_hand_group_to_deck_top_or_bottom_blade,手札の『Aqours』のカードを1枚公開してもよい,これにより公開したカードをデッキの一番上か一番下に置き、ライブ終了時まで、<(ブレード)>を得る。
PL!S-sd1-013,黒澤ダイヤ,自動,登場,implemented_existing_topk_or_deck,mill_top_k_to_waiting,,自分のデッキの上からカードを5枚控え室に置く。
PL!SP-bp1-005,葉月恋,自動,登場,implemented_existing_topk_or_deck,enter_ren_bp1005_top5_liella_card_optional,手札を1枚控え室に置いてもよい,自分のデッキの上からカードを5枚見る。その中から『Liella!』のカードを1枚まで公開して手札に加えてもよい。残りを控え室に置く。
PL!SP-bp1-010,ウィーン・マルガレーテ,起動,BODY,implemented_existing_topk_or_deck,look_top_k_optional_group,<(E)><(E)>手札を1枚控え室に置く,自分のデッキの上からカードを5枚見る。その中から『Liella!』のカードを1枚公開して手札に加えてもよい。残りを控え室に置く。
PL!SP-bp1-012,澁谷かのん,自動,登場,implemented_existing_topk_or_deck,look_top3_choose_one_to_hand_rest_green,<(E)>支払ってもよい,自分のデッキの上からカードを3枚見る。その中から1枚を手札に加え、残りを控え室に置く。
PL!SP-bp2-002,唐可可,自動,登場,implemented_cost_ge_any,look_top_k_optional_cost_ge_any,,自分のデッキの上からカードを3枚見る。その中からコスト11以上のカードを1枚公開して手札に加えてもよい。残りを控え室に置く。
PL!SP-bp2-005,葉月恋,自動,登場,implemented_existing_topk_or_deck,look_top_k_optional_group,<(E)><(E)>支払ってもよい,自分のデッキの上からカードを7枚見る。その中から『Liella!』のカードを1枚公開して手札に加えてもよい。残りを控え室に置く。
PL!SP-bp2-007,米女メイ,自動,登場,implemented_existing_topk_or_deck,look_top_k_optional_group_type,手札を1枚控え室に置いてもよい,自分のデッキの上からカードを5枚見る。その中から『Liella!』のメンバーカードを1枚公開して手札に加えてもよい。残りを控え室に置く。
PL!SP-bp2-013,唐可可,自動,登場,implemented_existing_topk_or_deck,topdeck_green_any_upto1,,自分の控え室からカードを1枚までデッキの一番上に置く。
PL!SP-bp2-014,嵐千砂都,自動,登場,implemented_existing_topk_or_deck,topdeck_green_any_upto1,,自分の控え室からカードを1枚までデッキの一番上に置く。
PL!SP-bp2-018,米女メイ,自動,登場,implemented_existing_topk_or_deck,topdeck_green_any_upto1,,自分の控え室からカードを1枚までデッキの一番上に置く。
PL!SP-bp4-002,唐可可,自動,登場,implemented_group_live_required_total_ge,look_top_k_optional_group_live_required_total_ge,このメンバーをウェイトにしてもよい,自分のデッキの上からカードを4枚見る。その中から必要ハートの合計が8以上の『Liella!』のライブカードを1枚公開して手札に加えてもよい。残りを控え室に置く。
PL!SP-bp5-007,米女メイ,自動,登場,implemented_existing_topk_or_deck,look_top_k_optional_distinct_group_upto_n,手札を1枚控え室に置いてもよい,自分のデッキの上からカードを5枚見る。その中から各グループ名につき1枚ずつ公開し、3枚まで手札に加えてもよい。残りを控え室に置く。
PL!SP-bp5-008,若菜四季,自動,登場,implemented_existing_topk_or_deck,look_top_k_optional_cost_ge_group_member,このメンバーをウェイトにし、手札を1枚控え室に置いてもよい,自分のデッキの上からカードを5枚見る。その中からコスト9以上の『虹ヶ咲』のメンバーカードを1枚公開して手札に加えてもよい。残りを控え室に置く。
PL!SP-bp5-009,鬼塚夏美,自動,ライブ開始時,implemented_optional_repeat_mill_blade_wait,optional_repeat_mill_top1_gain_blade_wait_if_live,,自分のデッキの一番上のカードを控え室に置いてもよい。そうした場合、ライブ終了時まで、<(ブレード)>を得る。これにより控え室に置いたカードがライブカードの場合、このメンバーをウェイトにする。自分はこの手順をさらに4回まで繰り返してもよい。
PL!SP-bp5-013,唐可可,自動,登場,implemented_existing_topk_or_deck,look_top_k_optional_group_member_or_bladeheart_group_member,手札を1枚控え室に置いてもよい,自分のデッキの上からカードを5枚見る。その中から『Sunny Passion』のメンバーカードかブレードハートを持つ『Liella!』のメンバーカードを1枚公開して手札に加えてもよい。残りを控え室に置く。
PL!SP-pb1-015,平安名すみれ,自動,登場,implemented_existing_topk_or_deck,look_top_k_optional_group,手札を1枚控え室に置いてもよい,自分のデッキの上からカードを5枚見る。その中から『CatChu!』のカードを1枚公開して手札に加えてもよい。残りを控え室に置く。
PL!SP-pb1-016,葉月恋,自動,登場,implemented_existing_topk_or_deck,look_top_k_optional_group,手札を1枚控え室に置いてもよい,自分のデッキの上からカードを5枚見る。その中から『KALEIDOSCORE』のカードを1枚公開して手札に加えてもよい。残りを控え室に置く。
PL!SP-pb1-017,桜小路きな子,自動,登場,implemented_existing_topk_or_deck,look_top_k_optional_group,手札を1枚控え室に置いてもよい,自分のデッキの上からカードを5枚見る。その中から『5yncri5e!』のカードを1枚公開して手札に加えてもよい。残りを控え室に置く
PL!SP-pb2-001,澁谷かのん,自動,登場,implemented_existing_topk_or_deck,look_top_k_optional_cost_le_group_member_stage_or_hand,手札を1枚控え室に置いてもよい,自分のデッキの上からカードを5枚見る。その中からコスト4以下の『Liella!』のメンバーカードを1枚まで公開する。そのカードを自分のステージのメンバーのいないエリアに登場させるか、手札に加える。残りを控え室に置く。
PL!SP-sd1-008,若菜四季,自動,登場,implemented_existing_topk_or_deck,look_top3_choose_one_to_hand_rest_green,<(E)>支払ってもよい,自分のデッキの上からカードを3枚見る。その中から1枚を手札に加え、残りを控え室に置く。
PL!SP-sd1-009,鬼塚夏美,自動,登場,implemented_energy_conditional_topk_choose,look_top_k_choose_if_energy_gte,<(E)>支払ってもよい,自分のエネルギーが9枚以上ある場合、自分のデッキの上からカードを5枚見る。その中から1枚を手札に加え、残りを控え室に置く。
PL!SP-sd1-017,桜小路きな子,自動,登場,implemented_existing_topk_or_deck,look_top3_choose_one_to_hand_rest_green,(E)支払ってもよい,自分のデッキの上からカードを3枚見る。その中から1枚を手札に加え、残りを控え室に置く。
